"STATION","NAME","DATE","TMAX","TMIN","TOBS"
"USC00432773","ENOSBURG FALLS 2, VT US","2013-12-01","30","2","27"
"USC00432773","ENOSBURG FALLS 2, VT US","2013-12-02","36","23","26"
"USC00432773","ENOSBURG FALLS 2, VT US","2013-12-03","37","26","31"
"USC00432773","ENOSBURG FALLS 2, VT US","2013-12-04","39","29","29"
"USC00432773","ENOSBURG FALLS 2, VT US","2013-12-05","45","24","44"
"USC00432773","ENOSBURG FALLS 2, VT US","2013-12-06","54","34","34"
"USC00432773","ENOSBURG FALLS 2, VT US","2013-12-07","36","25","25"
"USC00432773","ENOSBURG FALLS 2, VT US","2013-12-08","34","15","17"
"USC00432773","ENOSBURG FALLS 2, VT US","2013-12-09","30","14","25"
"USC00432773","ENOSBURG FALLS 2, VT US","2013-12-10","37","25","33"
"USC00432773","ENOSBURG FALLS 2, VT US","2013-12-11","33","16","17"
"USC00432773","ENOSBURG FALLS 2, VT US","2013-12-12","27","4","4"
"USC00432773","ENOSBURG FALLS 2, VT US","2013-12-13","18","-2","14"
"USC00432773","ENOSBURG FALLS 2, VT US","2013-12-14","16","-12","-10"
"USC00432773","ENOSBURG FALLS 2, VT US","2013-12-15","17","-10","17"
"USC00432773","ENOSBURG FALLS 2, VT US","2013-12-16","22","3","5"
"USC00432773","ENOSBURG FALLS 2, VT US","2013-12-17","11","-21","-21"
"USC00432773","ENOSBURG FALLS 2, VT US","2013-12-18","16","-22","15"
"USC00432773","ENOSBURG FALLS 2, VT US","2013-12-19","29","9","21"
"USC00432773","ENOSBURG FALLS 2, VT US","2013-12-20","32","20","28"
"USC00432773","ENOSBURG FALLS 2, VT US","2013-12-21","31","20","27"
"USC00432773","ENOSBURG FALLS 2, VT US","2013-12-22","32","23","28"
"USC00432773","ENOSBURG FALLS 2, VT US","2013-12-23","28","24","26"
"USC00432773","ENOSBURG FALLS 2, VT US","2013-12-24","28","15","15"
"USC00432773","ENOSBURG FALLS 2, VT US","2013-12-25","15","-8","4"
"USC00432773","ENOSBURG FALLS 2, VT US","2013-12-26","16","4","16"
"USC00432773","ENOSBURG FALLS 2, VT US","2013-12-27","25","16","23"
"USC00432773","ENOSBURG FALLS 2, VT US","2013-12-28","31","12","31"
"USC00432773","ENOSBURG FALLS 2, VT US","2013-12-29","34","30","30"
"USC00432773","ENOSBURG FALLS 2, VT US","2013-12-30","33","19","19"
"USC00432773","ENOSBURG FALLS 2, VT US","2013-12-31","20","-11","-5"
"USC00432773","ENOSBURG FALLS 2, VT US","2014-01-01","13","-5","6"
"USC00432773","ENOSBURG FALLS 2, VT US","2014-01-02","12","-14","-13"
"USC00432773","ENOSBURG FALLS 2, VT US","2014-01-03","-5","-13","-9"
"USC00432773","ENOSBURG FALLS 2, VT US","2014-01-04","-5","-25","-11"
"USC00432773","ENOSBURG FALLS 2, VT US","2014-01-05","24","-11","19"
"USC00432773","ENOSBURG FALLS 2, VT US","2014-01-06","44","19","43"
"USC00432773","ENOSBURG FALLS 2, VT US","2014-01-07","46","10","10"
"USC00432773","ENOSBURG FALLS 2, VT US","2014-01-08","10","5","9"
"USC00432773","ENOSBURG FALLS 2, VT US","2014-01-09","16","8","14"
"USC00432773","ENOSBURG FALLS 2, VT US","2014-01-10","23","-2","1"
"USC00432773","ENOSBURG FALLS 2, VT US","2014-01-11","41","1","41"
"USC00432773","ENOSBURG FALLS 2, VT US","2014-01-12","53","36","36"
"USC00432773","ENOSBURG FALLS 2, VT US","2014-01-13","37","28","28"
"USC00432773","ENOSBURG FALLS 2, VT US","2014-01-14","50","27","42"
"USC00432773","ENOSBURG FALLS 2, VT US","2014-01-15","43","29","29"
"USC00432773","ENOSBURG FALLS 2, VT US","2014-01-16","44","27","27"
"USC00432773","ENOSBURG FALLS 2, VT US","2014-01-17","30","19","20"
"USC00432773","ENOSBURG FALLS 2, VT US","2014-01-18","36","13","22"
"USC00432773","ENOSBURG FALLS 2, VT US","2014-01-19","43","22","26"
"USC00432773","ENOSBURG FALLS 2, VT US","2014-01-20","28","14","14"
"USC00432773","ENOSBURG FALLS 2, VT US","2014-01-21","15","-16","-15"
"USC00432773","ENOSBURG FALLS 2, VT US","2014-01-22","2","-28","-28"
"USC00432773","ENOSBURG FALLS 2, VT US","2014-01-23","1","-30","-19"
"USC00432773","ENOSBURG FALLS 2, VT US","2014-01-24","10","-21","-21"
"USC00432773","ENOSBURG FALLS 2, VT US","2014-01-25","18","-23","18"
"USC00432773","ENOSBURG FALLS 2, VT US","2014-01-26","20","-7","-7"
"USC00432773","ENOSBURG FALLS 2, VT US","2014-01-27","21","-7","21"
"USC00432773","ENOSBURG FALLS 2, VT US","2014-01-28","31","-3","5"
"USC00432773","ENOSBURG FALLS 2, VT US","2014-01-29","31","-6","-4"
"USC00432773","ENOSBURG FALLS 2, VT US","2014-01-30","18","-12","8"
"USC00432773","ENOSBURG FALLS 2, VT US","2014-01-31","28","2","25"
"USC00432773","ENOSBURG FALLS 2, VT US","2014-02-01","33","7","9"
"USC00432773","ENOSBURG FALLS 2, VT US","2014-02-02","37","9","33"
"USC00432773","ENOSBURG FALLS 2, VT US","2014-02-03","34","18","18"
"USC00432773","ENOSBURG FALLS 2, VT US","2014-02-04","30","-4","0"
"USC00432773","ENOSBURG FALLS 2, VT US","2014-02-05","28","0","15"
"USC00432773","ENOSBURG FALLS 2, VT US","2014-02-06","22","-12","-12"
"USC00432773","ENOSBURG FALLS 2, VT US","2014-02-07","19","-17","14"
"USC00432773","ENOSBURG FALLS 2, VT US","2014-02-08","22","10","14"
"USC00432773","ENOSBURG FALLS 2, VT US","2014-02-09","22","9","9"
"USC00432773","ENOSBURG FALLS 2, VT US","2014-02-10","24","9","10"
"USC00432773","ENOSBURG FALLS 2, VT US","2014-02-11","21","-7","-7"
"USC00432773","ENOSBURG FALLS 2, VT US","2014-02-12","16","-22","-22"
"USC00432773","ENOSBURG FALLS 2, VT US","2014-02-13","23","-24","11"
"USC00432773","ENOSBURG FALLS 2, VT US","2014-02-14","29","11","23"
"USC00432773","ENOSBURG FALLS 2, VT US","2014-02-15","33","16","16"
"USC00432773","ENOSBURG FALLS 2, VT US","2014-02-16","31","8","8"
"USC00432773","ENOSBURG FALLS 2, VT US","2014-02-17","19","-18","-7"
"USC00432773","ENOSBURG FALLS 2, VT US","2014-02-18","18","-16","-10"
"USC00432773","ENOSBURG FALLS 2, VT US","2014-02-19","35","-10","19"
"USC00432773","ENOSBURG FALLS 2, VT US","2014-02-20","43","19","33"
"USC00432773","ENOSBURG FALLS 2, VT US","2014-02-21","42","32","32"
"USC00432773","ENOSBURG FALLS 2, VT US","2014-02-22","45","28","28"
"USC00432773","ENOSBURG FALLS 2, VT US","2014-02-23","45","22","22"
"USC00432773","ENOSBURG FALLS 2, VT US","2014-02-24","38","21","21"
"USC00432773","ENOSBURG FALLS 2, VT US","2014-02-25","23","8","8"
"USC00432773","ENOSBURG FALLS 2, VT US","2014-02-26","19","4","5"
"USC00432773","ENOSBURG FALLS 2, VT US","2014-02-27","19","-8","2"
"USC00432773","ENOSBURG FALLS 2, VT US","2014-02-28","22","-2","1"
"USC00432773","ENOSBURG FALLS 2, VT US","2014-03-01","29","-11","13"
"USC00432773","ENOSBURG FALLS 2, VT US","2014-03-02","30","13","13"
"USC00432773","ENOSBURG FALLS 2, VT US","2014-03-03","21","-12","-12"
"USC00432773","ENOSBURG FALLS 2, VT US","2014-03-04","16","-20","-20"
"USC00432773","ENOSBURG FALLS 2, VT US","2014-03-05","21","-20","1"
"USC00432773","ENOSBURG FALLS 2, VT US","2014-03-06","21","-20","-20"
"USC00432773","ENOSBURG FALLS 2, VT US","2014-03-07","26","-22","-8"
"USC00432773","ENOSBURG FALLS 2, VT US","2014-03-08","42","-9","26"
"USC00432773","ENOSBURG FALLS 2, VT US","2014-03-09","35","-3","2"
"USC00432773","ENOSBURG FALLS 2, VT US","2014-03-10","30","2","21"
"USC00432773","ENOSBURG FALLS 2, VT US","2014-03-11","36","21","34"
"USC00432773","ENOSBURG FALLS 2, VT US","2014-03-12","40","30","30"
"USC00432773","ENOSBURG FALLS 2, VT US","2014-03-13","31","5","5"
"USC00432773","ENOSBURG FALLS 2, VT US","2014-03-14","16","-16","-16"
"USC00432773","ENOSBURG FALLS 2, VT US","2014-03-15","42","-18","42"
"USC00432773","ENOSBURG FALLS 2, VT US","2014-03-16","42","8","8"
"USC00432773","ENOSBURG FALLS 2, VT US","2014-03-17","19","-15","-15"
"USC00432773","ENOSBURG FALLS 2, VT US","2014-03-18","23","-18","-11"
"USC00432773","ENOSBURG FALLS 2, VT US","2014-03-19","38","-12","6"
"USC00432773","ENOSBURG FALLS 2, VT US","2014-03-20","39","4","34"
"USC00432773","ENOSBURG FALLS 2, VT US","2014-03-21","39","28","28"
"USC00432773","ENOSBURG FALLS 2, VT US","2014-03-22","35","7","16"
"USC00432773","ENOSBURG FALLS 2, VT US","2014-03-23","33","14","14"
"USC00432773","ENOSBURG FALLS 2, VT US","2014-03-24","36","-10","-10"
"USC00432773","ENOSBURG FALLS 2, VT US","2014-03-25","26","-14","5"
"USC00432773","ENOSBURG FALLS 2, VT US","2014-03-26","33","5","10"
"USC00432773","ENOSBURG FALLS 2, VT US","2014-03-27","26","2","2"
"USC00432773","ENOSBURG FALLS 2, VT US","2014-03-28","36","-4","34"
"USC00432773","ENOSBURG FALLS 2, VT US","2014-03-29","44","32","34"
"USC00432773","ENOSBURG FALLS 2, VT US","2014-03-30","42","33","34"
"USC00432773","ENOSBURG FALLS 2, VT US","2014-03-31","37","29","29"
"USC00432773","ENOSBURG FALLS 2, VT US","2014-04-01","38","27","28"
"USC00432773","ENOSBURG FALLS 2, VT US","2014-04-02","48","26","42"
"USC00432773","ENOSBURG FALLS 2, VT US","2014-04-03","54","24","31"
"USC00432773","ENOSBURG FALLS 2, VT US","2014-04-04","42","18","18"
"USC00432773","ENOSBURG FALLS 2, VT US","2014-04-05","52","17","37"
"USC00432773","ENOSBURG FALLS 2, VT US","2014-04-06","43","29","30"
"USC00432773","ENOSBURG FALLS 2, VT US","2014-04-07","49","23","24"
"USC00432773","ENOSBURG FALLS 2, VT US","2014-04-08","61","23","44"
"USC00432773","ENOSBURG FALLS 2, VT US","2014-04-09","58","35","35"
"USC00432773","ENOSBURG FALLS 2, VT US","2014-04-10","44","20","41"
"USC00432773","ENOSBURG FALLS 2, VT US","2014-04-11","61","41","43"
"USC00432773","ENOSBURG FALLS 2, VT US","2014-04-13","62","29","45"
"USC00432773","ENOSBURG FALLS 2, VT US","2014-04-14","62","43","45"
"USC00432773","ENOSBURG FALLS 2, VT US","2014-04-15","81","43","59"
"USC00432773","ENOSBURG FALLS 2, VT US","2014-04-16","64","19","19"
"USC00432773","ENOSBURG FALLS 2, VT US","2014-04-17","32","12","12"
"USC00432773","ENOSBURG FALLS 2, VT US","2014-04-18","48","10","29"
"USC00432773","ENOSBURG FALLS 2, VT US","2014-04-19","54","29","39"
"USC00432773","ENOSBURG FALLS 2, VT US","2014-04-20","49","20","20"
"USC00432773","ENOSBURG FALLS 2, VT US","2014-04-21","63","20","52"
"USC00432773","ENOSBURG FALLS 2, VT US","2014-04-22","72","47","47"
"USC00432773","ENOSBURG FALLS 2, VT US","2014-04-23","70","42","42"
"USC00432773","ENOSBURG FALLS 2, VT US","2014-04-24","47","34","35"
"USC00432773","ENOSBURG FALLS 2, VT US","2014-04-25","52","25","25"
"USC00432773","ENOSBURG FALLS 2, VT US","2014-04-26","61","24","51"
"USC00432773","ENOSBURG FALLS 2, VT US","2014-04-27","51","36","37"
"USC00432773","ENOSBURG FALLS 2, VT US","2014-04-28","49","35","35"
"USC00432773","ENOSBURG FALLS 2, VT US","2014-04-29","55","30","41"
"USC00432773","ENOSBURG FALLS 2, VT US","2014-04-30","63","39","39"
"USC00432773","ENOSBURG FALLS 2, VT US","2014-05-01","49","39","46"
"USC00432773","ENOSBURG FALLS 2, VT US","2014-05-02","69","45","49"
"USC00432773","ENOSBURG FALLS 2, VT US","2014-05-03","60","47","48"
"USC00432773","ENOSBURG FALLS 2, VT US","2014-05-04","65","46","46"
"USC00432773","ENOSBURG FALLS 2, VT US","2014-05-05","58","44","44"
"USC00432773","ENOSBURG FALLS 2, VT US","2014-05-06","48","36","36"
"USC00432773","ENOSBURG FALLS 2, VT US","2014-05-07","58","32","33"
"USC00432773","ENOSBURG FALLS 2, VT US","2014-05-08","63","28","28"
"USC00432773","ENOSBURG FALLS 2, VT US","2014-05-09","69","28","43"
"USC00432773","ENOSBURG FALLS 2, VT US","2014-05-10","68","43","62"
"USC00432773","ENOSBURG FALLS 2, VT US","2014-05-11","78","49","57"
"USC00432773","ENOSBURG FALLS 2, VT US","2014-05-12","71","42","42"
"USC00432773","ENOSBURG FALLS 2, VT US","2014-05-13","71","42","53"
"USC00432773","ENOSBURG FALLS 2, VT US","2014-05-14","81","53","57"
"USC00432773","ENOSBURG FALLS 2, VT US","2014-05-15","82","57","59"
"USC00432773","ENOSBURG FALLS 2, VT US","2014-05-16","82","58","70"
"USC00432773","ENOSBURG FALLS 2, VT US","2014-05-17","73","47","48"
"USC00432773","ENOSBURG FALLS 2, VT US","2014-05-18","66","32","42"
"USC00432773","ENOSBURG FALLS 2, VT US","2014-05-19","66","36","37"
"USC00432773","ENOSBURG FALLS 2, VT US","2014-05-20","68","34","34"
"USC00432773","ENOSBURG FALLS 2, VT US","2014-05-21","74","33","37"
"USC00432773","ENOSBURG FALLS 2, VT US","2014-05-22","78","36","50"
"USC00432773","ENOSBURG FALLS 2, VT US","2014-05-23","68","50","53"
"USC00432773","ENOSBURG FALLS 2, VT US","2014-05-24","64","49","54"
"USC00432773","ENOSBURG FALLS 2, VT US","2014-05-26","79","54","61"
"USC00432773","ENOSBURG FALLS 2, VT US","2014-05-27","71","57","57"
"USC00432773","ENOSBURG FALLS 2, VT US","2014-05-28","68","52","52"
"USC00432773","ENOSBURG FALLS 2, VT US","2014-05-29","59","38","40"
"USC00432773","ENOSBURG FALLS 2, VT US","2014-05-30","73","39","44"
"USC00432773","ENOSBURG FALLS 2, VT US","2014-05-31","71","43","46"
"USC00432773","ENOSBURG FALLS 2, VT US","2014-06-01","70","39","54"
"USC00432773","ENOSBURG FALLS 2, VT US","2014-06-02","79","49","49"
"USC00432773","ENOSBURG FALLS 2, VT US","2014-06-03","87","47","59"
"USC00432773","ENOSBURG FALLS 2, VT US","2014-06-04","87","59","62"
"USC00432773","ENOSBURG FALLS 2, VT US","2014-06-05","77","47","47"
"USC00432773","ENOSBURG FALLS 2, VT US","2014-06-06","76","46","56"
"USC00432773","ENOSBURG FALLS 2, VT US","2014-06-07","69","49","50"
"USC00432773","ENOSBURG FALLS 2, VT US","2014-06-08","83","49","49"
"USC00432773","ENOSBURG FALLS 2, VT US","2014-06-09","86","48","48"
"USC00432773","ENOSBURG FALLS 2, VT US","2014-06-10","86","48","55"
"USC00432773","ENOSBURG FALLS 2, VT US","2014-06-11","85","55","59"
"USC00432773","ENOSBURG FALLS 2, VT US","2014-06-12","76","45","53"
"USC00432773","ENOSBURG FALLS 2, VT US","2014-06-13","69","53","59"
"USC00432773","ENOSBURG FALLS 2, VT US","2014-06-14","65","59","59"
"USC00432773","ENOSBURG FALLS 2, VT US","2014-06-15","69","53","54"
"USC00432773","ENOSBURG FALLS 2, VT US","2014-06-16","72","45","46"
"USC00432773","ENOSBURG FALLS 2, VT US","2014-06-17","79","44","59"
"USC00432773","ENOSBURG FALLS 2, VT US","2014-06-18","87","59","65"
"USC00432773","ENOSBURG FALLS 2, VT US","2014-06-19","84","59","61"
"USC00432773","ENOSBURG FALLS 2, VT US","2014-06-20","76","50","50"
"USC00432773","ENOSBURG FALLS 2, VT US","2014-06-21","77","39","45"
"USC00432773","ENOSBURG FALLS 2, VT US","2014-06-22","79","45","46"
"USC00432773","ENOSBURG FALLS 2, VT US","2014-06-23","77","45","45"
"USC00432773","ENOSBURG FALLS 2, VT US","2014-06-24","83","44","70"
"USC00432773","ENOSBURG FALLS 2, VT US","2014-06-25","71","64","64"
"USC00432773","ENOSBURG FALLS 2, VT US","2014-06-26","81","49","49"
"USC00432773","ENOSBURG FALLS 2, VT US","2014-06-27","86","49","49"
"USC00432773","ENOSBURG FALLS 2, VT US","2014-06-28","87","48","48"
"USC00432773","ENOSBURG FALLS 2, VT US","2014-06-29","88","48","53"
"USC00432773","ENOSBURG FALLS 2, VT US","2014-06-30","89","53","67"
"USC00432773","ENOSBURG FALLS 2, VT US","2014-07-01","90","67","68"
"USC00432773","ENOSBURG FALLS 2, VT US","2014-07-02","89","68","70"
"USC00432773","ENOSBURG FALLS 2, VT US","2014-07-03","87","65","65"
"USC00432773","ENOSBURG FALLS 2, VT US","2014-07-04","84","61","61"
"USC00432773","ENOSBURG FALLS 2, VT US","2014-07-05","79","61","61"
"USC00432773","ENOSBURG FALLS 2, VT US","2014-07-06","83","53","60"
"USC00432773","ENOSBURG FALLS 2, VT US","2014-07-07","82","58","61"
"USC00432773","ENOSBURG FALLS 2, VT US","2014-07-08","75","61","68"
"USC00432773","ENOSBURG FALLS 2, VT US","2014-07-09","86","65","68"
"USC00432773","ENOSBURG FALLS 2, VT US","2014-07-10","80","54","54"
"USC00432773","ENOSBURG FALLS 2, VT US","2014-07-11","76","46","46"
"USC00432773","ENOSBURG FALLS 2, VT US","2014-07-12","81","46","61"
"USC00432773","ENOSBURG FALLS 2, VT US","2014-07-13","87","61","70"
"USC00432773","ENOSBURG FALLS 2, VT US","2014-07-14","78","62","62"
"USC00432773","ENOSBURG FALLS 2, VT US","2014-07-15","84","59","59"
"USC00432773","ENOSBURG FALLS 2, VT US","2014-07-19","81","48","49"
"USC00432773","ENOSBURG FALLS 2, VT US","2014-07-20","83","49","56"
"USC00432773","ENOSBURG FALLS 2, VT US","2014-07-21","84","56","57"
"USC00432773","ENOSBURG FALLS 2, VT US","2014-07-22","87","55","59"
"USC00432773","ENOSBURG FALLS 2, VT US","2014-07-23","88","58","67"
"USC00432773","ENOSBURG FALLS 2, VT US","2014-07-24","83","56","56"
"USC00432773","ENOSBURG FALLS 2, VT US","2014-07-25","72","48","48"
"USC00432773","ENOSBURG FALLS 2, VT US","2014-07-26","80","48","60"
"USC00432773","ENOSBURG FALLS 2, VT US","2014-07-27","80","60","63"
"USC00432773","ENOSBURG FALLS 2, VT US","2014-07-28","78","62","63"
"USC00432773","ENOSBURG FALLS 2, VT US","2014-07-29","68","55","56"
"USC00432773","ENOSBURG FALLS 2, VT US","2014-07-30","70","45","45"
"USC00432773","ENOSBURG FALLS 2, VT US","2014-08-01","75","49","50"
"USC00432773","ENOSBURG FALLS 2, VT US","2014-08-02","83","50","57"
"USC00432773","ENOSBURG FALLS 2, VT US","2014-08-03","87","57","59"
"USC00432773","ENOSBURG FALLS 2, VT US","2014-08-04","86","59","65"
"USC00432773","ENOSBURG FALLS 2, VT US","2014-08-05","86","56","59"
"USC00432773","ENOSBURG FALLS 2, VT US","2014-08-06","83","56","60"
"USC00432773","ENOSBURG FALLS 2, VT US","2014-08-07","77","57","57"
"USC00432773","ENOSBURG FALLS 2, VT US","2014-08-08","81","51","52"
"USC00432773","ENOSBURG FALLS 2, VT US","2014-08-09","81","52","55"
"USC00432773","ENOSBURG FALLS 2, VT US","2014-08-10","85","52","52"
"USC00432773","ENOSBURG FALLS 2, VT US","2014-08-11","86","51","66"
"USC00432773","ENOSBURG FALLS 2, VT US","2014-08-12","89","56","56"
"USC00432773","ENOSBURG FALLS 2, VT US","2014-08-13","84","55","67"
"USC00432773","ENOSBURG FALLS 2, VT US","2014-08-14","80","62","62"
"USC00432773","ENOSBURG FALLS 2, VT US","2014-08-15","67","52","52"
"USC00432773","ENOSBURG FALLS 2, VT US","2014-08-16","65","52","60"
"USC00432773","ENOSBURG FALLS 2, VT US","2014-08-17","66","57","58"
"USC00432773","ENOSBURG FALLS 2, VT US","2014-08-18","69","56","56"
"USC00432773","ENOSBURG FALLS 2, VT US","2014-08-19","70","46","46"
"USC00432773","ENOSBURG FALLS 2, VT US","2014-08-20","79","45","46"
"USC00432773","ENOSBURG FALLS 2, VT US","2014-08-21","85","46","59"
"USC00432773","ENOSBURG FALLS 2, VT US","2014-08-22","85","59","59"
"USC00432773","ENOSBURG FALLS 2, VT US","2014-08-23","68","58","58"
"USC00432773","ENOSBURG FALLS 2, VT US","2014-08-24","82","56","56"
"USC00432773","ENOSBURG FALLS 2, VT US","2014-08-25","86","51","51"
"USC00432773","ENOSBURG FALLS 2, VT US","2014-08-26","88","51","56"
"USC00432773","ENOSBURG FALLS 2, VT US","2014-08-27","85","56","78"
"USC00432773","ENOSBURG FALLS 2, VT US","2014-08-28","85","54","60"
"USC00432773","ENOSBURG FALLS 2, VT US","2014-08-29","68","50","66"
"USC00432773","ENOSBURG FALLS 2, VT US","2014-08-30","77","62","66"
"USC00432773","ENOSBURG FALLS 2, VT US","2014-08-31","79","62","66"
"USC00432773","ENOSBURG FALLS 2, VT US","2014-09-01","77","65","76"
"USC00432773","ENOSBURG FALLS 2, VT US","2014-09-02","87","61","76"
"USC00432773","ENOSBURG FALLS 2, VT US","2014-09-03","88","63","64"
"USC00432773","ENOSBURG FALLS 2, VT US","2014-09-04","82","50","82"
"USC00432773","ENOSBURG FALLS 2, VT US","2014-09-05","84","59","77"
"USC00432773","ENOSBURG FALLS 2, VT US","2014-09-06","88","63","63"
"USC00432773","ENOSBURG FALLS 2, VT US","2014-09-07","64","49","50"
"USC00432773","ENOSBURG FALLS 2, VT US","2014-09-08","79","44","47"
"USC00432773","ENOSBURG FALLS 2, VT US","2014-09-09","80","46","48"
"USC00432773","ENOSBURG FALLS 2, VT US","2014-09-10","79","48","49"
"USC00432773","ENOSBURG FALLS 2, VT US","2014-09-11","79","49","63"
"USC00432773","ENOSBURG FALLS 2, VT US","2014-09-12","72","47","48"
"USC00432773","ENOSBURG FALLS 2, VT US","2014-09-13","55","35","43"
"USC00432773","ENOSBURG FALLS 2, VT US","2014-09-14","54","43","43"
"USC00432773","ENOSBURG FALLS 2, VT US","2014-09-15","50","34","35"
"USC00432773","ENOSBURG FALLS 2, VT US","2014-09-16","66","34","50"
"USC00432773","ENOSBURG FALLS 2, VT US","2014-09-17","68","36","39"
"USC00432773","ENOSBURG FALLS 2, VT US","2014-09-18","70","39","49"
"USC00432773","ENOSBURG FALLS 2, VT US","2014-09-19","58","29","29"
"USC00432773","ENOSBURG FALLS 2, VT US","2014-09-20","61","29","56"
"USC00432773","ENOSBURG FALLS 2, VT US","2014-09-21","70","29","65"
"USC00432773","ENOSBURG FALLS 2, VT US","2014-09-22","82","49","49"
"USC00432773","ENOSBURG FALLS 2, VT US","2014-09-23","51","42","46"
"USC00432773","ENOSBURG FALLS 2, VT US","2014-09-24","65","44","46"
"USC00432773","ENOSBURG FALLS 2, VT US","2014-09-25","75","43","43"
"USC00432773","ENOSBURG FALLS 2, VT US","2014-09-26","76","41","42"
"USC00432773","ENOSBURG FALLS 2, VT US","2014-09-27","80","42","45"
"USC00432773","ENOSBURG FALLS 2, VT US","2014-09-28","82","45","52"
"USC00432773","ENOSBURG FALLS 2, VT US","2014-09-30","80","43","43"
"USC00432773","ENOSBURG FALLS 2, VT US","2014-10-01","78","42","51"
"USC00432773","ENOSBURG FALLS 2, VT US","2014-10-02","75","49","49"
"USC00432773","ENOSBURG FALLS 2, VT US","2014-10-03","76","44","44"
"USC00432773","ENOSBURG FALLS 2, VT US","2014-10-04","76","44","44"
"USC00432773","ENOSBURG FALLS 2, VT US","2014-10-05","77","44","46"
"USC00432773","ENOSBURG FALLS 2, VT US","2014-10-06","61","35","37"
"USC00432773","ENOSBURG FALLS 2, VT US","2014-10-07","66","37","57"
"USC00432773","ENOSBURG FALLS 2, VT US","2014-10-08","69","47","58"
"USC00432773","ENOSBURG FALLS 2, VT US","2014-10-09","63","38","38"
"USC00432773","ENOSBURG FALLS 2, VT US","2014-10-10","56","37","44"
"USC00432773","ENOSBURG FALLS 2, VT US","2014-10-11","57","35","37"
"USC00432773","ENOSBURG FALLS 2, VT US","2014-10-12","57","32","37"
"USC00432773","ENOSBURG FALLS 2, VT US","2014-10-13","59","32","32"
"USC00432773","ENOSBURG FALLS 2, VT US","2014-10-14","66","28","51"
"USC00432773","ENOSBURG FALLS 2, VT US","2014-10-15","78","49","64"
"USC00432773","ENOSBURG FALLS 2, VT US","2014-10-16","82","64","65"
"USC00432773","ENOSBURG FALLS 2, VT US","2014-10-17","79","65","65"
"USC00432773","ENOSBURG FALLS 2, VT US","2014-10-18","72","58","58"
"USC00432773","ENOSBURG FALLS 2, VT US","2014-10-19","66","36","38"
"USC00432773","ENOSBURG FALLS 2, VT US","2014-10-20","45","30","30"
"USC00432773","ENOSBURG FALLS 2, VT US","2014-10-21","51","30","42"
"USC00432773","ENOSBURG FALLS 2, VT US","2014-10-22","49","40","42"
"USC00432773","ENOSBURG FALLS 2, VT US","2014-10-23","57","42","46"
"USC00432773","ENOSBURG FALLS 2, VT US","2014-10-24","47","40","40"
"USC00432773","ENOSBURG FALLS 2, VT US","2014-10-25","46","31","31"
"USC00432773","ENOSBURG FALLS 2, VT US","2014-10-26","61","31","45"
"USC00432773","ENOSBURG FALLS 2, VT US","2014-10-27","48","41","41"
"USC00432773","ENOSBURG FALLS 2, VT US","2014-10-28","60","35","54"
"USC00432773","ENOSBURG FALLS 2, VT US","2014-10-29","56","41","44"
"USC00432773","ENOSBURG FALLS 2, VT US","2014-10-31","47","32","32"
"USC00432773","ENOSBURG FALLS 2, VT US","2014-11-01","53","27","29"
"USC00432773","ENOSBURG FALLS 2, VT US","2014-11-02","42","29","31"
"USC00432773","ENOSBURG FALLS 2, VT US","2014-11-03","42","25","31"
"USC00432773","ENOSBURG FALLS 2, VT US","2014-11-04","49","25","33"
"USC00432773","ENOSBURG FALLS 2, VT US","2014-11-05","60","33","49"
"USC00432773","ENOSBURG FALLS 2, VT US","2014-11-06","60","33","39"
"USC00432773","ENOSBURG FALLS 2, VT US","2014-11-07","47","34","35"
"USC00432773","ENOSBURG FALLS 2, VT US","2014-11-08","39","29","34"
"USC00432773","ENOSBURG FALLS 2, VT US","2014-11-09","43","34","42"
"USC00432773","ENOSBURG FALLS 2, VT US","2014-11-10","44","27","43"
"USC00432773","ENOSBURG FALLS 2, VT US","2014-11-11","51","35","48"
"USC00432773","ENOSBURG FALLS 2, VT US","2014-11-12","64","42","54"
"USC00432773","ENOSBURG FALLS 2, VT US","2014-11-13","55","27","27"
"USC00432773","ENOSBURG FALLS 2, VT US","2014-11-14","39","26","29"
"USC00432773","ENOSBURG FALLS 2, VT US","2014-11-15","39","21","22"
"USC00432773","ENOSBURG FALLS 2, VT US","2014-11-16","39","21","30"
"USC00432773","ENOSBURG FALLS 2, VT US","2014-11-17","37","30","32"
"USC00432773","ENOSBURG FALLS 2, VT US","2014-11-19","31","19","20"
"USC00432773","ENOSBURG FALLS 2, VT US","2014-11-20","32","19","28"
"USC00432773","ENOSBURG FALLS 2, VT US","2014-11-21","36","22","22"
"USC00432773","ENOSBURG FALLS 2, VT US","2014-11-22","27","15","23"
"USC00432773","ENOSBURG FALLS 2, VT US","2014-11-23","40","23","38"
"USC00432773","ENOSBURG FALLS 2, VT US","2014-11-24","50","37","50"
"USC00432773","ENOSBURG FALLS 2, VT US","2014-11-25","67","44","45"
"USC00432773","ENOSBURG FALLS 2, VT US","2014-11-26","49","33","34"
"USC00432773","ENOSBURG FALLS 2, VT US","2014-11-27","34","25","25"
"USC00432773","ENOSBURG FALLS 2, VT US","2014-11-28","29","23","24"
"USC00432773","ENOSBURG FALLS 2, VT US","2014-11-30","37","4","37"
"USC00432773","ENOSBURG FALLS 2, VT US","2014-12-01","49","36","36"
"USC00432773","ENOSBURG FALLS 2, VT US","2014-12-02","36","13","13"
"USC00432773","ENOSBURG FALLS 2, VT US","2014-12-03","39","8","39"
"USC00432773","ENOSBURG FALLS 2, VT US","2014-12-04","42","23","23"
"USC00432773","ENOSBURG FALLS 2, VT US","2014-12-05","42","6","12"
"USC00432773","ENOSBURG FALLS 2, VT US","2014-12-06","37","12","34"
"USC00432773","ENOSBURG FALLS 2, VT US","2014-12-07","37","12","13"
"USC00432773","ENOSBURG FALLS 2, VT US","2014-12-08","21","3","5"
"USC00432773","ENOSBURG FALLS 2, VT US","2014-12-09","30","5","28"
"USC00432773","ENOSBURG FALLS 2, VT US","2014-12-10","34","28","31"
"USC00432773","ENOSBURG FALLS 2, VT US","2014-12-11","33","29","29"
"USC00432773","ENOSBURG FALLS 2, VT US","2014-12-12","32","27","27"
"USC00432773","ENOSBURG FALLS 2, VT US","2014-12-13","28","24","24"
"USC00432773","ENOSBURG FALLS 2, VT US","2014-12-14","26","22","26"
"USC00432773","ENOSBURG FALLS 2, VT US","2014-12-15","33","25","26"
"USC00432773","ENOSBURG FALLS 2, VT US","2014-12-16","31","26","26"
"USC00432773","ENOSBURG FALLS 2, VT US","2014-12-17","34","20","33"
"USC00432773","ENOSBURG FALLS 2, VT US","2014-12-18","36","20","31"
"USC00432773","ENOSBURG FALLS 2, VT US","2014-12-19","36","20","24"
"USC00432773","ENOSBURG FALLS 2, VT US","2014-12-20","24","0","8"
"USC00432773","ENOSBURG FALLS 2, VT US","2014-12-21","24","0","14"
"USC00432773","ENOSBURG FALLS 2, VT US","2014-12-22","22","13","21"
"USC00432773","ENOSBURG FALLS 2, VT US","2014-12-23","30","13","30"
"USC00432773","ENOSBURG FALLS 2, VT US","2014-12-24","37","22","36"
"USC00432773","ENOSBURG FALLS 2, VT US","2014-12-25","55","36","44"
"USC00432773","ENOSBURG FALLS 2, VT US","2014-12-26","55","39","39"
"USC00432773","ENOSBURG FALLS 2, VT US","2014-12-27","43","34","35"
"USC00432773","ENOSBURG FALLS 2, VT US","2014-12-28","48","33","42"
"USC00432773","ENOSBURG FALLS 2, VT US","2014-12-29","42","22","22"
"USC00432773","ENOSBURG FALLS 2, VT US","2014-12-30","42","6","6"
"USC00432773","ENOSBURG FALLS 2, VT US","2015-01-01","20","3","18"
"USC00432773","ENOSBURG FALLS 2, VT US","2015-01-02","28","18","24"
"USC00432773","ENOSBURG FALLS 2, VT US","2015-01-03","34","-6","34"
"USC00432773","ENOSBURG FALLS 2, VT US","2015-01-04","41","17","17"
"USC00432773","ENOSBURG FALLS 2, VT US","2015-01-07","15","-5","13"
"USC00432773","ENOSBURG FALLS 2, VT US","2015-01-08","13","-20","-18"
"USC00432773","ENOSBURG FALLS 2, VT US","2015-01-09","17","-18","16"
"USC00432773","ENOSBURG FALLS 2, VT US","2015-01-10","22","5","5"
"USC00432773","ENOSBURG FALLS 2, VT US","2015-01-11","18","0","5"
"USC00432773","ENOSBURG FALLS 2, VT US","2015-01-12","29","0","26"
"USC00432773","ENOSBURG FALLS 2, VT US","2015-01-13","31","-10","-10"
"USC00432773","ENOSBURG FALLS 2, VT US","2015-01-14","7","-21","-20"
"USC00432773","ENOSBURG FALLS 2, VT US","2015-01-15","23","-21","-11"
"USC00432773","ENOSBURG FALLS 2, VT US","2015-01-16","26","-11","25"
"USC00432773","ENOSBURG FALLS 2, VT US","2015-01-17","25","-19","-13"
"USC00432773","ENOSBURG FALLS 2, VT US","2015-01-18","31","-19","31"
"USC00432773","ENOSBURG FALLS 2, VT US","2015-01-19","44","-19","32"
"USC00432773","ENOSBURG FALLS 2, VT US","2015-01-20","33","5","5"
"USC00432773","ENOSBURG FALLS 2, VT US","2015-01-21","33","-11","-10"
"USC00432773","ENOSBURG FALLS 2, VT US","2015-01-22","22","-10","-5"
"USC00432773","ENOSBURG FALLS 2, VT US","2015-01-23","25","-5","13"
"USC00432773","ENOSBURG FALLS 2, VT US","2015-01-24","31","12","16"
"USC00432773","ENOSBURG FALLS 2, VT US","2015-01-25","41","10","10"
"USC00432773","ENOSBURG FALLS 2, VT US","2015-01-26","12","-19","-18"
"USC00432773","ENOSBURG FALLS 2, VT US","2015-01-27","15","-19","10"
"USC00432773","ENOSBURG FALLS 2, VT US","2015-01-28","10","3","6"
"USC00432773","ENOSBURG FALLS 2, VT US","2015-01-29","19","-14","-9"
"USC00432773","ENOSBURG FALLS 2, VT US","2015-01-30","33","-9","27"
"USC00432773","ENOSBURG FALLS 2, VT US","2015-01-31","28","-6","-6"
"USC00432773","ENOSBURG FALLS 2, VT US","2015-02-01","7","-17","-6"
"USC00432773","ENOSBURG FALLS 2, VT US","2015-02-02","12","-17","-4"
"USC00432773","ENOSBURG FALLS 2, VT US","2015-02-03","7","-18","-18"
"USC00432773","ENOSBURG FALLS 2, VT US","2015-02-04","18","-22","18"
"USC00432773","ENOSBURG FALLS 2, VT US","2015-02-05","29","7","7"
"USC00432773","ENOSBURG FALLS 2, VT US","2015-02-06","15","-26","-26"
"USC00432773","ENOSBURG FALLS 2, VT US","2015-02-07","16","-26","8"
"USC00432773","ENOSBURG FALLS 2, VT US","2015-02-08","16","6","6"
"USC00432773","ENOSBURG FALLS 2, VT US","2015-02-09","13","5","12"
"USC00432773","ENOSBURG FALLS 2, VT US","2015-02-10","19","12","13"
"USC00432773","ENOSBURG FALLS 2, VT US","2015-02-11","20","-16","-16"
"USC00432773","ENOSBURG FALLS 2, VT US","2015-02-12","21","-17","18"
"USC00432773","ENOSBURG FALLS 2, VT US","2015-02-13","22","-9","-9"
"USC00432773","ENOSBURG FALLS 2, VT US","2015-02-14","2","-26","-5"
"USC00432773","ENOSBURG FALLS 2, VT US","2015-02-15","11","-7","-7"
"USC00432773","ENOSBURG FALLS 2, VT US","2015-02-16","-7","-14","-13"
"USC00432773","ENOSBURG FALLS 2, VT US","2015-02-17","5","-14","-14"
"USC00432773","ENOSBURG FALLS 2, VT US","2015-02-18","17","-27","-14"
"USC00432773","ENOSBURG FALLS 2, VT US","2015-02-19","30","-16","12"
"USC00432773","ENOSBURG FALLS 2, VT US","2015-02-20","30","-16","-5"
"USC00432773","ENOSBURG FALLS 2, VT US","2015-02-21","1","-19","-14"
"USC00432773","ENOSBURG FALLS 2, VT US","2015-02-22","22","-19","5"
"USC00432773","ENOSBURG FALLS 2, VT US","2015-02-23","33","3","3"
"USC00432773","ENOSBURG FALLS 2, VT US","2015-02-24","4","-32","-32"
"USC00432773","ENOSBURG FALLS 2, VT US","2015-02-25","16","-33","9"
"USC00432773","ENOSBURG FALLS 2, VT US","2015-02-26","27","-15","-14"
"USC00432773","ENOSBURG FALLS 2, VT US","2015-02-27","15","-15","-15"
"USC00432773","ENOSBURG FALLS 2, VT US","2015-02-28","18","-22","-6"
"USC00432773","ENOSBURG FALLS 2, VT US","2015-03-01","26","-16","-2"
"USC00432773","ENOSBURG FALLS 2, VT US","2015-03-02","31","-2","20"
"USC00432773","ENOSBURG FALLS 2, VT US","2015-03-03","28","-12","-11"
"USC00432773","ENOSBURG FALLS 2, VT US","2015-03-04","30","-14","29"
"USC00432773","ENOSBURG FALLS 2, VT US","2015-03-05","35","14","14"
"USC00432773","ENOSBURG FALLS 2, VT US","2015-03-06","17","-24","-24"
"USC00432773","ENOSBURG FALLS 2, VT US","2015-03-07","24","-25","-3"
"USC00432773","ENOSBURG FALLS 2, VT US","2015-03-08","32","-4","22"
"USC00432773","ENOSBURG FALLS 2, VT US","2015-03-09","34","22","25"
"USC00432773","ENOSBURG FALLS 2, VT US","2015-03-10","40","23","26"
"USC00432773","ENOSBURG FALLS 2, VT US","2015-03-11","51","20","42"
"USC00432773","ENOSBURG FALLS 2, VT US","2015-03-12","48","23","23"
"USC00432773","ENOSBURG FALLS 2, VT US","2015-03-13","29","2","2"
"USC00432773","ENOSBURG FALLS 2, VT US","2015-03-14","37","1","30"
"USC00432773","ENOSBURG FALLS 2, VT US","2015-03-15","43","27","27"
"USC00432773","ENOSBURG FALLS 2, VT US","2015-03-16","36","15","15"
"USC00432773","ENOSBURG FALLS 2, VT US","2015-03-17","44","14","31"
"USC00432773","ENOSBURG FALLS 2, VT US","2015-03-18","35","10","10"
"USC00432773","ENOSBURG FALLS 2, VT US","2015-03-19","21","-7","-7"
"USC00432773","ENOSBURG FALLS 2, VT US","2015-03-20","28","-7","0"
"USC00432773","ENOSBURG FALLS 2, VT US","2015-03-21","42","0","27"
"USC00432773","ENOSBURG FALLS 2, VT US","2015-03-22","39","27","27"
"USC00432773","ENOSBURG FALLS 2, VT US","2015-03-23","35","5","5"
"USC00432773","ENOSBURG FALLS 2, VT US","2015-03-24","21","1","1"
"USC00432773","ENOSBURG FALLS 2, VT US","2015-03-25","38","-1","9"
"USC00432773","ENOSBURG FALLS 2, VT US","2015-03-26","50","7","41"
"USC00432773","ENOSBURG FALLS 2, VT US","2015-03-27","45","32","32"
"USC00432773","ENOSBURG FALLS 2, VT US","2015-03-28","36","18","18"
"USC00432773","ENOSBURG FALLS 2, VT US","2015-03-29","31","17","17"
"USC00432773","ENOSBURG FALLS 2, VT US","2015-03-30","43","4","36"
"USC00432773","ENOSBURG FALLS 2, VT US","2015-03-31","40","29","29"
"USC00432773","ENOSBURG FALLS 2, VT US","2015-04-01","40","10","10"
"USC00432773","ENOSBURG FALLS 2, VT US","2015-04-02","37","10","15"
"USC00432773","ENOSBURG FALLS 2, VT US","2015-04-03","59","15","44"
"USC00432773","ENOSBURG FALLS 2, VT US","2015-04-04","65","42","42"
"USC00432773","ENOSBURG FALLS 2, VT US","2015-04-05","45","24","24"
"USC00432773","ENOSBURG FALLS 2, VT US","2015-04-06","37","19","21"
"USC00432773","ENOSBURG FALLS 2, VT US","2015-04-07","38","21","21"
"USC00432773","ENOSBURG FALLS 2, VT US","2015-04-08","46","21","29"
"USC00432773","ENOSBURG FALLS 2, VT US","2015-04-09","44","20","30"
"USC00432773","ENOSBURG FALLS 2, VT US","2015-04-10","45","30","40"
"USC00432773","ENOSBURG FALLS 2, VT US","2015-04-11","55","36","36"
"USC00432773","ENOSBURG FALLS 2, VT US","2015-04-12","52","34","34"
"USC00432773","ENOSBURG FALLS 2, VT US","2015-04-13","66","26","45"
"USC00432773","ENOSBURG FALLS 2, VT US","2015-04-14","75","41","41"
"USC00432773","ENOSBURG FALLS 2, VT US","2015-04-15","65","24","25"
"USC00432773","ENOSBURG FALLS 2, VT US","2015-04-16","58","21","22"
"USC00432773","ENOSBURG FALLS 2, VT US","2015-04-17","68","22","47"
"USC00432773","ENOSBURG FALLS 2, VT US","2015-04-18","69","22","30"
"USC00432773","ENOSBURG FALLS 2, VT US","2015-04-19","65","30","34"
"USC00432773","ENOSBURG FALLS 2, VT US","2015-04-20","60","34","34"
"USC00432773","ENOSBURG FALLS 2, VT US","2015-04-21","52","32","47"
"USC00432773","ENOSBURG FALLS 2, VT US","2015-04-22","52","33","36"
"USC00432773","ENOSBURG FALLS 2, VT US","2015-04-23","55","33","33"
"USC00432773","ENOSBURG FALLS 2, VT US","2015-04-24","44","33","33"
"USC00432773","ENOSBURG FALLS 2, VT US","2015-04-25","37","30","32"
"USC00432773","ENOSBURG FALLS 2, VT US","2015-04-26","43","31","35"
"USC00432773","ENOSBURG FALLS 2, VT US","2015-04-27","56","35","39"
"USC00432773","ENOSBURG FALLS 2, VT US","2015-04-28","48","39","40"
"USC00432773","ENOSBURG FALLS 2, VT US","2015-04-29","61","29","29"
"USC00432773","ENOSBURG FALLS 2, VT US","2015-04-30","64","29","29"
"USC00432773","ENOSBURG FALLS 2, VT US","2015-05-01","66","29","39"
"USC00432773","ENOSBURG FALLS 2, VT US","2015-05-02","76","32","39"
"USC00432773","ENOSBURG FALLS 2, VT US","2015-05-03","81","37","40"
"USC00432773","ENOSBURG FALLS 2, VT US","2015-05-04","68","40","40"
"USC00432773","ENOSBURG FALLS 2, VT US","2015-05-05","85","39","56"
"USC00432773","ENOSBURG FALLS 2, VT US","2015-05-06","71","48","48"
"USC00432773","ENOSBURG FALLS 2, VT US","2015-05-07","77","35","37"
"USC00432773","ENOSBURG FALLS 2, VT US","2015-05-08","84","37","40"
"USC00432773","ENOSBURG FALLS 2, VT US","2015-05-09","91","40","56"
"USC00432773","ENOSBURG FALLS 2, VT US","2015-05-10","83","56","63"
"USC00432773","ENOSBURG FALLS 2, VT US","2015-05-11","80","63","63"
"USC00432773","ENOSBURG FALLS 2, VT US","2015-05-12","64","54","64"
"USC00432773","ENOSBURG FALLS 2, VT US","2015-05-13","77","54","54"
"USC00432773","ENOSBURG FALLS 2, VT US","2015-05-14","74","30","31"
"USC00432773","ENOSBURG FALLS 2, VT US","2015-05-15","67","31","32"
"USC00432773","ENOSBURG FALLS 2, VT US","2015-05-16","75","32","56"
"USC00432773","ENOSBURG FALLS 2, VT US","2015-05-17","74","51","59"
"USC00432773","ENOSBURG FALLS 2, VT US","2015-05-18","79","59","72"
"USC00432773","ENOSBURG FALLS 2, VT US","2015-05-19","83","62","62"
"USC00432773","ENOSBURG FALLS 2, VT US","2015-05-20","78","45","45"
"USC00432773","ENOSBURG FALLS 2, VT US","2015-05-21","59","32","43"
"USC00432773","ENOSBURG FALLS 2, VT US","2015-05-22","72","43","47"
"USC00432773","ENOSBURG FALLS 2, VT US","2015-05-23","59","29","32"
"USC00432773","ENOSBURG FALLS 2, VT US","2015-05-24","80","32","52"
"USC00432773","ENOSBURG FALLS 2, VT US","2015-05-25","79","52","52"
"USC00432773","ENOSBURG FALLS 2, VT US","2015-05-26","71","52","66"
"USC00432773","ENOSBURG FALLS 2, VT US","2015-05-27","87","52","66"
"USC00432773","ENOSBURG FALLS 2, VT US","2015-05-28","88","66","68"
"USC00432773","ENOSBURG FALLS 2, VT US","2015-05-29","72","51","54"
"USC00432773","ENOSBURG FALLS 2, VT US","2015-05-30","83","53","75"
"USC00432773","ENOSBURG FALLS 2, VT US","2015-05-31","87","55","55"
